time,TT_mean,TT_5per,TT_95per,TT_25per,TT_75per,Scenario
04:00:00,40.98472115758148,40.383,41.7355,40.745,41.305,ARM on - Mar-Apr 2023
04:05:00,40.873538129609685,40.252,41.587,40.6075,41.385000000000005,ARM on - Mar-Apr 2023
04:10:00,40.834112565770695,40.2315,41.7915,40.5775,41.2675,ARM on - Mar-Apr 2023
04:15:00,40.71431155865103,40.1665,41.5985,40.415000000000006,40.932500000000005,ARM on - Mar-Apr 2023
04:20:00,40.599935302391245,39.9655,41.527,40.182500000000005,40.9275,ARM on - Mar-Apr 2023
04:25:00,40.61627534351192,39.9225,41.87,40.295,40.795,ARM on - Mar-Apr 2023
04:30:00,40.49649968147102,39.8165,41.6915,39.955,40.8125,ARM on - Mar-Apr 2023
04:35:00,40.37763043319936,39.6965,41.6245,39.9075,40.6875,ARM on - Mar-Apr 2023
04:40:00,40.2692354360735,39.5575,41.283,39.9875,40.557500000000005,ARM on - Mar-Apr 2023
04:45:00,40.20244011713592,39.4855,41.2965,39.695,40.7475,ARM on - Mar-Apr 2023
04:50:00,40.36070771794599,39.855,41.4015,40.025,40.41,ARM on - Mar-Apr 2023
04:55:00,40.47826848401665,40.082,41.469,40.21,40.5125,ARM on - Mar-Apr 2023
05:00:00,40.69370741253996,40.172,41.637,40.3775,40.855,ARM on - Mar-Apr 2023
05:05:00,40.8762769834449,40.3355,42.0425,40.6225,40.98,ARM on - Mar-Apr 2023
05:10:00,41.078066951028006,40.5565,42.7965,40.61,41.155,ARM on - Mar-Apr 2023
05:15:00,41.28462291887306,40.676,43.1795,40.837500000000006,41.3325,ARM on - Mar-Apr 2023
05:20:00,41.68891471467813,41.1395,43.277,41.3275,41.66,ARM on - Mar-Apr 2023
05:25:00,42.38540749979495,41.746,44.1395,41.98,42.455,ARM on - Mar-Apr 2023
05:30:00,43.220176482355306,42.511,45.0965,42.845,43.47,ARM on - Mar-Apr 2023
05:35:00,43.98369845014056,43.101,46.706,43.3675,44.4975,ARM on - Mar-Apr 2023
05:40:00,44.7965073023606,43.4935,48.351,44.2475,45.53,ARM on - Mar-Apr 2023
05:45:00,45.35135790457746,44.1335,49.7175,44.84,46.6025,ARM on - Mar-Apr 2023
05:50:00,45.10948068490256,43.863,50.1125,44.515,46.1175,ARM on - Mar-Apr 2023
05:55:00,44.79861541536331,43.5845,49.277,43.77,46.06,ARM on - Mar-Apr 2023
06:00:00,45.03776037054753,43.5755,50.9865,44.02,46.345,ARM on - Mar-Apr 2023
06:05:00,45.44066435354372,44.182,51.3145,44.535,46.53,ARM on - Mar-Apr 2023
06:10:00,46.01868800861553,44.5525,50.935,45.115,47.355,ARM on - Mar-Apr 2023
06:15:00,47.32706067146037,45.594,52.6415,46.5775,48.9725,ARM on - Mar-Apr 2023
06:20:00,48.28619411174022,46.486,53.3645,47.8275,50.695,ARM on - Mar-Apr 2023
06:25:00,49.05682925969197,47.063,55.6535,48.9675,51.1975,ARM on - Mar-Apr 2023
06:30:00,50.09350309937209,47.7695,60.3705,49.4825,52.41,ARM on - Mar-Apr 2023
06:35:00,50.92280977101404,48.493,60.55349999999999,50.8225,54.82,ARM on - Mar-Apr 2023
06:40:00,51.85712159960495,48.9835,62.7045,51.88,56.9275,ARM on - Mar-Apr 2023
06:45:00,52.777706790472855,49.874,65.6545,52.322500000000005,57.84,ARM on - Mar-Apr 2023
06:50:00,52.82533016816389,50.718500000000006,64.6095,52.275000000000006,57.4625,ARM on - Mar-Apr 2023
06:55:00,53.01777951605714,51.0965,61.4585,52.5625,57.67,ARM on - Mar-Apr 2023
07:00:00,54.10849545844427,52.4485,60.1035,53.645,57.555,ARM on - Mar-Apr 2023
07:05:00,54.86165307305696,53.3315,60.7765,54.16,59.4775,ARM on - Mar-Apr 2023
07:10:00,55.84049886065812,54.6365,62.622,55.07,60.1175,ARM on - Mar-Apr 2023
07:15:00,57.41168729452813,56.7075,64.7205,57.7775,61.715,ARM on - Mar-Apr 2023
07:20:00,58.78518462392398,57.917,68.19200000000001,59.425,62.395,ARM on - Mar-Apr 2023
07:25:00,60.08643157897594,59.346,72.089,60.8525,65.08250000000001,ARM on - Mar-Apr 2023
07:30:00,61.3952283742701,60.049,74.5795,62.2,67.74000000000001,ARM on - Mar-Apr 2023
07:35:00,63.302796281190055,61.9825,76.997,64.53750000000001,68.63250000000001,ARM on - Mar-Apr 2023
07:40:00,65.26643142181068,62.2305,82.1815,63.64,72.63499999999999,ARM on - Mar-Apr 2023
07:45:00,66.75023371632273,61.8705,85.6965,66.2275,76.4125,ARM on - Mar-Apr 2023
07:50:00,67.4457740295289,61.3355,86.483,66.665,79.59,ARM on - Mar-Apr 2023
07:55:00,66.87323299291339,58.911,86.2715,67.5175,77.8775,ARM on - Mar-Apr 2023
08:00:00,66.0690169400704,59.617,85.5585,66.55499999999999,76.6525,ARM on - Mar-Apr 2023
08:05:00,65.45372218476138,59.624,85.46249999999999,65.75250000000001,77.04,ARM on - Mar-Apr 2023
08:10:00,65.75442237916958,60.3345,85.82249999999999,64.6,76.76750000000001,ARM on - Mar-Apr 2023
08:15:00,65.26894396488794,59.4555,85.969,64.625,76.45249999999999,ARM on - Mar-Apr 2023
08:20:00,65.70643532131928,58.317,85.73299999999999,66.9275,76.6375,ARM on - Mar-Apr 2023
08:25:00,66.21704249334779,59.7035,86.19649999999999,66.1825,76.5875,ARM on - Mar-Apr 2023
08:30:00,66.20429911338623,60.195,86.57749999999999,66.4425,75.1375,ARM on - Mar-Apr 2023
08:35:00,66.3732697485586,60.7,88.24499999999999,65.3,74.0225,ARM on - Mar-Apr 2023
08:40:00,66.46202576296733,59.96,87.44449999999998,64.995,74.6525,ARM on - Mar-Apr 2023
08:45:00,65.72731786150956,58.380500000000005,89.08749999999999,65.18,76.255,ARM on - Mar-Apr 2023
08:50:00,64.67774521588542,57.6795,90.1735,63.675,73.9325,ARM on - Mar-Apr 2023
08:55:00,63.30947240517,57.1105,89.017,62.4425,71.36500000000001,ARM on - Mar-Apr 2023
09:00:00,60.95483360004177,55.108,82.13,59.0725,69.445,ARM on - Mar-Apr 2023
09:05:00,59.279678845112805,54.3425,79.042,58.7575,65.25500000000001,ARM on - Mar-Apr 2023
09:10:00,58.53252855261594,54.8415,81.264,58.595,65.0725,ARM on - Mar-Apr 2023
09:15:00,57.961404291920594,55.333,74.199,57.2025,62.010000000000005,ARM on - Mar-Apr 2023
09:20:00,57.19821302463302,54.0075,69.7255,57.315,60.7175,ARM on - Mar-Apr 2023
09:25:00,57.35460708840484,54.77,71.443,56.4175,60.3925,ARM on - Mar-Apr 2023
09:30:00,56.940961811359664,54.2205,68.969,55.325,62.985,ARM on - Mar-Apr 2023
09:35:00,56.65416481967803,54.9255,68.637,55.3825,61.75,ARM on - Mar-Apr 2023
09:40:00,57.05313167907536,55.635,67.547,56.3325,62.0425,ARM on - Mar-Apr 2023
09:45:00,56.66688108324497,54.5575,70.753,56.525000000000006,62.195,ARM on - Mar-Apr 2023
09:50:00,56.101791541414805,53.758,70.70899999999999,56.025000000000006,62.72,ARM on - Mar-Apr 2023
09:55:00,55.00066379732496,53.358,65.756,54.0825,60.3025,ARM on - Mar-Apr 2023
10:00:00,54.04105136680551,52.885,64.3365,54.0225,59.400000000000006,ARM on - Mar-Apr 2023
10:05:00,53.95667070151156,52.7915,67.23100000000001,55.5775,60.6025,ARM on - Mar-Apr 2023
10:10:00,53.69572407376041,52.797,71.7905,55.475,68.3825,ARM on - Mar-Apr 2023
10:15:00,53.60335094374047,53.114,67.496,55.365,64.64,ARM on - Mar-Apr 2023
10:20:00,53.22632427763134,53.0095,66.63199999999999,53.7925,60.0525,ARM on - Mar-Apr 2023
10:25:00,53.2306184892001,52.176,66.5705,54.08,59.4275,ARM on - Mar-Apr 2023
10:30:00,53.358253612769325,53.4525,73.94099999999999,54.0125,58.2475,ARM on - Mar-Apr 2023
10:35:00,52.71980013506691,52.042,74.095,52.8725,59.27250000000001,ARM on - Mar-Apr 2023
10:40:00,52.81295996790113,51.7815,74.7825,52.5775,61.16,ARM on - Mar-Apr 2023
10:45:00,52.37007443097973,50.768,75.735,52.18,60.32,ARM on - Mar-Apr 2023
10:50:00,51.59331067141471,50.6525,73.50049999999999,51.5075,59.432500000000005,ARM on - Mar-Apr 2023
10:55:00,50.87642436653736,50.227,69.3345,50.545,58.9725,ARM on - Mar-Apr 2023
11:00:00,50.40086319666077,49.368,66.1795,50.3575,59.1475,ARM on - Mar-Apr 2023
11:05:00,50.15114912258183,49.2695,66.37049999999999,49.93,63.005,ARM on - Mar-Apr 2023
11:10:00,49.87330741032997,48.323,66.7035,49.4575,59.455000000000005,ARM on - Mar-Apr 2023
11:15:00,49.66436713865498,48.482,65.59949999999999,50.465,55.655,ARM on - Mar-Apr 2023
11:20:00,49.7172751907047,48.736,68.64963636363636,50.045,55.625,ARM on - Mar-Apr 2023
11:25:00,49.486785951188864,48.048,71.6145,49.4275,53.86,ARM on - Mar-Apr 2023
11:30:00,49.52598862917009,47.8025,68.42999999999999,50.035,53.7225,ARM on - Mar-Apr 2023
11:35:00,49.49555326908031,47.8085,60.87672727272727,49.8775,53.8325,ARM on - Mar-Apr 2023
11:40:00,49.6565051466706,47.9005,60.00754545454545,49.3,53.7625,ARM on - Mar-Apr 2023
11:45:00,49.78552918047003,48.344,62.97463636363636,49.23,54.085,ARM on - Mar-Apr 2023
11:50:00,49.3684048145808,48.4315,65.9345909090909,49.4275,53.54,ARM on - Mar-Apr 2023
11:55:00,48.88531464059392,48.3785,64.5031818181818,49.05,52.3825,ARM on - Mar-Apr 2023
12:00:00,48.2728808472513,47.304,62.95345454545453,48.11,52.0875,ARM on - Mar-Apr 2023
12:05:00,48.07787138751412,46.4915,62.74222727272726,47.8325,51.48,ARM on - Mar-Apr 2023
12:10:00,47.74780959183148,45.663,64.04054545454544,48.345,49.975,ARM on - Mar-Apr 2023
12:15:00,48.04334440424499,45.2915,64.07854545454543,48.5275,50.64,ARM on - Mar-Apr 2023
12:20:00,48.06059432271088,45.9805,60.54395454545454,48.0475,51.0,ARM on - Mar-Apr 2023
12:25:00,48.0883677740537,47.144,60.58754545454544,48.13,50.5875,ARM on - Mar-Apr 2023
12:30:00,47.843496107650026,46.658,60.30872727272727,47.34,50.6725,ARM on - Mar-Apr 2023
12:35:00,47.70125476632767,46.647,60.30090909090908,47.4025,50.005,ARM on - Mar-Apr 2023
12:40:00,47.57451238630233,46.938,59.34068181818181,47.4275,49.7625,ARM on - Mar-Apr 2023
12:45:00,47.54804044868427,46.249,58.57631818181817,47.4425,50.255,ARM on - Mar-Apr 2023
12:50:00,47.49163194926285,46.6775,57.16818181818181,47.0275,50.775,ARM on - Mar-Apr 2023
12:55:00,47.429809343521,46.2495,57.22663636363636,46.6425,51.260000000000005,ARM on - Mar-Apr 2023
13:00:00,47.48121068508119,46.1575,58.18363636363636,46.955,51.275,ARM on - Mar-Apr 2023
13:05:00,47.31405451786905,46.0035,56.944545454545455,46.58,50.5325,ARM on - Mar-Apr 2023
13:10:00,47.55336591006101,45.7995,56.78740909090909,46.635,51.975,ARM on - Mar-Apr 2023
13:15:00,47.77845928072564,45.56,58.82363636363636,46.7775,52.5975,ARM on - Mar-Apr 2023
13:20:00,48.07867994952,46.038500000000006,58.23595454545455,47.335,52.425,ARM on - Mar-Apr 2023
13:25:00,48.45725235420074,46.3,59.183,47.14,51.8125,ARM on - Mar-Apr 2023
13:30:00,48.61297009561357,45.7465,60.3445,47.99,51.385000000000005,ARM on - Mar-Apr 2023
13:35:00,48.75182682936124,45.809,61.457,47.485,52.0275,ARM on - Mar-Apr 2023
13:40:00,49.425365750571785,46.3045,60.2245,47.5375,53.985,ARM on - Mar-Apr 2023
13:45:00,50.086644709032896,46.7145,61.585,48.46,56.28772727272728,ARM on - Mar-Apr 2023
13:50:00,50.27034854743157,47.114,62.647,48.82,56.269090909090906,ARM on - Mar-Apr 2023
13:55:00,50.38052296524079,46.9035,63.209,48.785,55.81590909090909,ARM on - Mar-Apr 2023
14:00:00,50.36909336782839,46.8665,66.0175,48.1425,53.6275,ARM on - Mar-Apr 2023
14:05:00,50.23877559789126,45.752500000000005,68.9745,48.405,53.5925,ARM on - Mar-Apr 2023
14:10:00,50.68514477014202,45.763,69.5875,48.2275,54.8825,ARM on - Mar-Apr 2023
14:15:00,51.28304361307677,46.962500000000006,69.80199999999999,49.58,55.7525,ARM on - Mar-Apr 2023
14:20:00,51.46262588806402,47.166,69.93599999999999,50.4675,55.9425,ARM on - Mar-Apr 2023
14:25:00,51.22656166877921,46.6585,68.23549999999999,49.8825,57.1875,ARM on - Mar-Apr 2023
14:30:00,51.01162286033914,46.0705,68.2055,48.7875,57.2625,ARM on - Mar-Apr 2023
14:35:00,51.33986825275458,46.743,66.3935,48.962500000000006,58.0575,ARM on - Mar-Apr 2023
14:40:00,52.24741293231294,47.466,64.71,51.1425,60.105,ARM on - Mar-Apr 2023
14:45:00,53.70569594677708,49.6065,65.61049999999999,52.3525,61.4575,ARM on - Mar-Apr 2023
14:50:00,54.70111879397051,50.1015,67.1685,54.2775,63.5275,ARM on - Mar-Apr 2023
14:55:00,54.93825887604971,50.933,68.737,55.1325,62.8775,ARM on - Mar-Apr 2023
15:00:00,54.46792141789626,50.5325,67.65249999999999,55.0675,62.495000000000005,ARM on - Mar-Apr 2023
15:05:00,54.27613709047572,50.99,68.183,54.405,60.7525,ARM on - Mar-Apr 2023
15:10:00,55.1518618653838,53.318,71.531,54.9125,62.165,ARM on - Mar-Apr 2023
15:15:00,55.53052056051969,53.7095,72.514,56.775000000000006,64.67,ARM on - Mar-Apr 2023
15:20:00,55.57902776167993,54.269,72.47399999999999,56.97,63.010000000000005,ARM on - Mar-Apr 2023
15:25:00,55.57520438678823,53.884,76.1605,56.6525,62.2575,ARM on - Mar-Apr 2023
15:30:00,55.80553544904303,54.2045,77.89849999999998,56.9925,61.31,ARM on - Mar-Apr 2023
15:35:00,55.950997960682784,53.3465,77.3825,58.2,61.935,ARM on - Mar-Apr 2023
15:40:00,57.652468320678544,54.522,80.217,58.5875,66.185,ARM on - Mar-Apr 2023
15:45:00,59.18956423377181,56.3915,81.554,60.07,69.975,ARM on - Mar-Apr 2023
15:50:00,60.7604766613939,58.3945,82.2525,61.5625,70.1875,ARM on - Mar-Apr 2023
15:55:00,60.93460858057546,57.9615,83.87349999999999,62.36,72.86250000000001,ARM on - Mar-Apr 2023
16:00:00,61.074161788404176,58.6735,83.6295,61.795,74.0975,ARM on - Mar-Apr 2023
16:05:00,61.02341947938671,58.8395,82.958,61.3125,73.5025,ARM on - Mar-Apr 2023
16:10:00,61.98711485500686,58.6715,86.73599999999999,62.4725,73.5075,ARM on - Mar-Apr 2023
16:15:00,64.18522543618867,62.096,86.98299999999999,65.5575,75.22,ARM on - Mar-Apr 2023
16:20:00,65.0540587126056,62.472,88.3195,65.7525,76.32,ARM on - Mar-Apr 2023
16:25:00,64.25329895708902,61.438,86.986,65.685,73.675,ARM on - Mar-Apr 2023
16:30:00,63.434309801976816,60.6795,87.9965,65.28,74.19500000000001,ARM on - Mar-Apr 2023
16:35:00,63.47860688705494,61.157,87.3395,64.775,76.085,ARM on - Mar-Apr 2023
16:40:00,64.08129217862034,61.71,84.9645,66.84,76.94749999999999,ARM on - Mar-Apr 2023
16:45:00,65.15848516806902,62.393,88.27749999999999,67.99,76.625,ARM on - Mar-Apr 2023
16:50:00,65.9777363027693,63.2265,88.324,68.2275,79.19,ARM on - Mar-Apr 2023
16:55:00,65.25495917707676,64.8245,85.0735,70.03,78.52250000000001,ARM on - Mar-Apr 2023
17:00:00,63.79076302525097,61.78,83.1955,67.67250000000001,76.355,ARM on - Mar-Apr 2023
17:05:00,62.58396322478918,59.9065,83.083,67.265,77.9775,ARM on - Mar-Apr 2023
17:10:00,63.799355122832566,61.0115,83.214,67.91,78.235,ARM on - Mar-Apr 2023
17:15:00,65.2250616220028,62.917,84.382,70.2125,79.5025,ARM on - Mar-Apr 2023
17:20:00,67.26794253820587,63.9995,85.66999999999999,72.435,81.64750000000001,ARM on - Mar-Apr 2023
17:25:00,67.57507359402305,64.8425,87.403,70.0975,84.825,ARM on - Mar-Apr 2023
17:30:00,67.63285375681107,64.4665,89.092,70.975,84.41499999999999,ARM on - Mar-Apr 2023
17:35:00,66.42675832503721,60.594,85.89450000000001,69.225,82.8125,ARM on - Mar-Apr 2023
17:40:00,64.58782415306399,59.63,82.5665,66.495,79.32249999999999,ARM on - Mar-Apr 2023
17:45:00,63.14108434487901,58.1415,81.8145,65.2225,77.435,ARM on - Mar-Apr 2023
17:50:00,61.05339614914425,56.4915,80.2565,63.4275,74.7525,ARM on - Mar-Apr 2023
17:55:00,59.01104468655728,54.4545,77.5565,61.2975,73.5125,ARM on - Mar-Apr 2023
18:00:00,56.36769907484397,52.2835,74.8555,57.2775,68.5375,ARM on - Mar-Apr 2023
18:05:00,54.78636331392795,50.2635,73.6815,54.8675,65.1225,ARM on - Mar-Apr 2023
18:10:00,53.33392925494099,49.3955,73.0685,54.330000000000005,62.3025,ARM on - Mar-Apr 2023
18:15:00,51.72240486870245,47.684000000000005,71.698,51.98,60.5325,ARM on - Mar-Apr 2023
18:20:00,50.61234137243909,45.819,71.8515,51.45,58.1075,ARM on - Mar-Apr 2023
18:25:00,49.37681877793223,45.386,68.59049999999999,49.3325,56.1425,ARM on - Mar-Apr 2023
18:30:00,47.77903538447117,44.626,66.3595,47.04,52.7525,ARM on - Mar-Apr 2023
18:35:00,46.66998386143274,44.029,62.7645,45.6125,50.8075,ARM on - Mar-Apr 2023
18:40:00,46.08828095012043,43.697,62.0545,44.9975,49.7075,ARM on - Mar-Apr 2023
18:45:00,45.372295570960326,42.898,61.7975,43.465,48.415,ARM on - Mar-Apr 2023
18:50:00,44.82052882643215,42.4165,58.178,43.6625,48.4575,ARM on - Mar-Apr 2023
18:55:00,44.26085793574539,42.354,57.658,43.2475,47.7675,ARM on - Mar-Apr 2023
19:00:00,43.70711515797296,42.127,56.9025,42.3725,47.92,ARM on - Mar-Apr 2023
19:05:00,43.44793889883868,41.8005,54.229,42.44,47.6075,ARM on - Mar-Apr 2023
19:10:00,43.22161126468978,41.547,52.3125,41.8975,46.2475,ARM on - Mar-Apr 2023
19:15:00,43.2245976594346,41.3905,50.663,42.0975,46.212500000000006,ARM on - Mar-Apr 2023
19:20:00,43.150429517136274,41.5905,49.2145,41.93,46.195,ARM on - Mar-Apr 2023
19:25:00,42.95778478650226,41.6445,48.301,41.8975,45.2425,ARM on - Mar-Apr 2023
19:30:00,42.75202675084085,41.321,47.2825,42.0,44.2125,ARM on - Mar-Apr 2023
19:35:00,42.81854390258407,41.271,47.1225,41.71,43.5275,ARM on - Mar-Apr 2023
19:40:00,42.62063796266397,41.08,46.367,41.7025,43.0475,ARM on - Mar-Apr 2023
19:45:00,42.66416735466568,41.3805,45.4435,41.6675,42.9075,ARM on - Mar-Apr 2023
19:50:00,42.62417718155308,41.602,45.392,41.69,42.92,ARM on - Mar-Apr 2023
19:55:00,42.81939015817564,41.753,45.7105,41.97,43.205,ARM on - Mar-Apr 2023
20:00:00,42.766277647593085,41.645,45.30949999999999,42.1725,42.87,ARM on - Mar-Apr 2023
20:05:00,42.58875238722974,41.638,45.1185,42.005,42.8925,ARM on - Mar-Apr 2023
20:10:00,42.62161580995686,41.762,44.6005,42.14,42.8125,ARM on - Mar-Apr 2023
20:15:00,42.60586104955492,41.7125,44.794,42.1375,42.735,ARM on - Mar-Apr 2023
20:20:00,42.48138174171246,41.5485,44.893,41.995000000000005,42.587500000000006,ARM on - Mar-Apr 2023
20:25:00,42.314825946619926,41.7555,44.51649999999999,41.8575,42.17,ARM on - Mar-Apr 2023
20:30:00,42.2801156511272,41.6105,44.656,41.77,42.36,ARM on - Mar-Apr 2023
20:35:00,42.28077611579796,41.3605,44.956,41.65,42.23,ARM on - Mar-Apr 2023
20:40:00,42.36251684983344,41.5555,44.994,41.585,42.325,ARM on - Mar-Apr 2023
20:45:00,42.16482057830704,41.2655,44.7385,41.585,42.255,ARM on - Mar-Apr 2023
20:50:00,42.169135356207605,41.0615,45.9385,41.455000000000005,42.1425,ARM on - Mar-Apr 2023
20:55:00,42.18617938336736,41.0165,46.038,41.4475,42.23,ARM on - Mar-Apr 2023
21:00:00,42.16091773814549,40.973,45.135,41.3425,42.8225,ARM on - Mar-Apr 2023
04:00:00,40.5934531950651,40.1125,41.3625,40.2825,40.697500000000005,ARM off - Apr 2023
04:05:00,40.62732344446328,40.03,41.4975,40.1975,41.0625,ARM off - Apr 2023
04:10:00,40.74850278678491,40.315,41.39,40.4375,41.23,ARM off - Apr 2023
04:15:00,40.65554588235193,40.0925,41.1975,40.395,41.0775,ARM off - Apr 2023
04:20:00,40.5352379183154,39.995000000000005,40.91,40.41,40.8425,ARM off - Apr 2023
04:25:00,40.71017151232214,40.3925,41.7125,40.7325,41.075,ARM off - Apr 2023
04:30:00,40.8023169292314,40.3475,42.39,40.5475,41.13,ARM off - Apr 2023
04:35:00,40.85928128432351,40.252500000000005,42.8925,40.5375,41.3325,ARM off - Apr 2023
04:40:00,40.87293036151024,40.11,42.9875,40.5525,41.19,ARM off - Apr 2023
04:45:00,40.5494241169145,40.1325,41.4,40.25,41.15,ARM off - Apr 2023
04:50:00,40.184895027636045,39.9575,40.6725,40.08,40.3625,ARM off - Apr 2023
04:55:00,40.10168426830095,39.6775,40.3725,40.0425,40.345,ARM off - Apr 2023
05:00:00,40.04617822191938,39.89,40.2975,40.015,40.2125,ARM off - Apr 2023
05:05:00,40.6701828816292,40.3325,41.76,40.4175,41.055,ARM off - Apr 2023
05:10:00,41.13032151534463,40.415,43.82,40.7975,41.57,ARM off - Apr 2023
05:15:00,41.416230582366126,41.0375,42.415,41.3775,41.665,ARM off - Apr 2023
05:20:00,41.512355002556745,41.322500000000005,41.9175,41.4,41.655,ARM off - Apr 2023
05:25:00,42.15527639683945,41.78,43.2075,41.8925,42.165,ARM off - Apr 2023
05:30:00,43.12677513190711,42.24,44.8725,42.6075,43.6975,ARM off - Apr 2023
05:35:00,44.02140834804563,43.2025,45.515,43.4875,44.602500000000006,ARM off - Apr 2023
05:40:00,44.63712148409557,43.8675,45.51,44.7925,45.335,ARM off - Apr 2023
05:45:00,45.16874884316079,44.34,46.63,45.2075,46.1175,ARM off - Apr 2023
05:50:00,45.57980259615314,45.1425,48.225,45.3225,46.6875,ARM off - Apr 2023
05:55:00,45.58136482881159,44.7775,49.915000000000006,45.3375,46.0675,ARM off - Apr 2023
06:00:00,46.3684256390049,45.6775,51.182500000000005,46.065,47.55,ARM off - Apr 2023
06:05:00,46.82241470777391,45.435,53.9525,46.2425,48.6275,ARM off - Apr 2023
06:10:00,47.36754377979812,46.095,55.2425,47.015,48.9425,ARM off - Apr 2023
06:15:00,48.68497416216446,47.5475,54.77,48.205,50.68000000000001,ARM off - Apr 2023
06:20:00,49.658233150043344,48.8325,54.605,49.0775,51.8375,ARM off - Apr 2023
06:25:00,50.25234764028222,48.9575,53.807500000000005,49.635,53.2625,ARM off - Apr 2023
06:30:00,51.7764163349078,50.0975,59.54,51.7375,54.555,ARM off - Apr 2023
06:35:00,52.2306895637112,50.8125,65.3425,52.33,55.7725,ARM off - Apr 2023
06:40:00,53.374116765523134,52.1375,69.81,52.615,57.515,ARM off - Apr 2023
06:45:00,54.92337228999303,53.0975,75.13000000000001,53.615,60.04,ARM off - Apr 2023
06:50:00,55.21945625891387,54.68,76.48750000000001,54.9225,57.4175,ARM off - Apr 2023
06:55:00,55.33398149743178,54.2675,79.67,54.71,58.2975,ARM off - Apr 2023
07:00:00,55.71957041025948,54.425,82.535,55.2325,58.4425,ARM off - Apr 2023
07:05:00,57.115374458366965,54.775,84.28999999999999,55.6875,61.9575,ARM off - Apr 2023
07:10:00,58.87850623016138,57.7225,85.62,58.495,62.1625,ARM off - Apr 2023
07:15:00,60.68872915422716,58.88,88.4925,60.41,63.0175,ARM off - Apr 2023
07:20:00,61.11797867794219,60.42,90.64,61.3925,64.5625,ARM off - Apr 2023
07:25:00,63.30848433591304,61.3475,95.07,63.265,68.1925,ARM off - Apr 2023
07:30:00,66.35367497997551,63.2025,100.83,66.7825,72.495,ARM off - Apr 2023
07:35:00,69.2127640213316,67.0475,103.215,71.48,76.61,ARM off - Apr 2023
07:40:00,72.82456873298291,70.135,104.425,77.4575,80.4525,ARM off - Apr 2023
07:45:00,74.89630475978616,72.375,107.8075,78.0275,83.1925,ARM off - Apr 2023
07:50:00,75.62091114532666,73.6875,107.2725,80.0325,82.1525,ARM off - Apr 2023
07:55:00,74.71490722946434,71.4275,100.3425,76.74000000000001,80.5425,ARM off - Apr 2023
08:00:00,72.61237119228663,68.52499999999999,92.3375,74.7575,79.6525,ARM off - Apr 2023
08:05:00,73.48734404142377,69.215,89.565,72.085,79.6475,ARM off - Apr 2023
08:10:00,73.20804045868265,69.445,86.83250000000001,71.7375,83.39,ARM off - Apr 2023
08:15:00,73.81265750920711,70.07499999999999,87.5775,72.11,83.5025,ARM off - Apr 2023
08:20:00,73.47584232673182,71.56,87.2325,72.4925,81.72999999999999,ARM off - Apr 2023
08:25:00,73.90975244015264,70.655,89.7225,73.0125,82.23750000000001,ARM off - Apr 2023
08:30:00,74.38632646663216,70.535,87.105,74.5925,84.2125,ARM off - Apr 2023
08:35:00,74.62826991411289,71.685,88.825,75.9575,82.715,ARM off - Apr 2023
08:40:00,74.61353467603081,71.8275,87.50750000000001,75.0675,82.25,ARM off - Apr 2023
08:45:00,75.0609717739925,72.015,87.215,75.5075,84.6475,ARM off - Apr 2023
08:50:00,74.80374437618357,72.58500000000001,88.115,73.5725,87.0625,ARM off - Apr 2023
08:55:00,72.3461902430297,69.5275,86.35,71.9925,84.93,ARM off - Apr 2023
09:00:00,69.55873791875958,64.8725,82.6925,70.21000000000001,79.965,ARM off - Apr 2023
09:05:00,68.55418646427637,65.32,79.755,67.945,76.1175,ARM off - Apr 2023
09:10:00,65.16683286252783,62.3,76.355,63.120000000000005,72.7825,ARM off - Apr 2023
09:15:00,64.2112648816324,60.89,73.7525,63.1125,71.2275,ARM off - Apr 2023
09:20:00,62.90375934795859,60.265,70.5675,62.5825,69.36,ARM off - Apr 2023
09:25:00,61.716783486147264,60.525000000000006,70.675,61.92,69.0175,ARM off - Apr 2023
09:30:00,60.65867495990341,60.21,68.47,61.6,66.7325,ARM off - Apr 2023
09:35:00,59.93196985111366,59.56,68.2975,60.9475,65.725,ARM off - Apr 2023
09:40:00,59.837753210730696,59.115,68.41499999999999,60.485,65.0275,ARM off - Apr 2023
09:45:00,59.73369693964455,59.8575,67.08,60.7875,63.6925,ARM off - Apr 2023
09:50:00,59.06542416372305,59.595,65.5275,60.485,62.55,ARM off - Apr 2023
09:55:00,56.923066930234015,57.9725,61.760000000000005,59.02,61.34,ARM off - Apr 2023
10:00:00,55.55876258181457,55.7775,62.8125,57.5925,60.51,ARM off - Apr 2023
10:05:00,55.48362120953941,55.4875,63.445,56.7775,61.1875,ARM off - Apr 2023
10:10:00,54.68927695620869,54.9775,66.1175,55.62,60.8675,ARM off - Apr 2023
10:15:00,54.36963362389055,54.4675,72.49499999999999,55.260000000000005,60.795,ARM off - Apr 2023
10:20:00,53.61370406151215,54.0875,63.57,54.7475,57.3425,ARM off - Apr 2023
10:25:00,53.43760635832722,54.8225,64.635,55.05,58.575,ARM off - Apr 2023
10:30:00,53.70969390222496,54.865,61.275,55.67,58.1775,ARM off - Apr 2023
10:35:00,52.69585549453129,53.8425,57.8275,54.285,57.2725,ARM off - Apr 2023
10:40:00,52.2514950552168,52.4075,59.7175,53.145,56.2575,ARM off - Apr 2023
10:45:00,52.13031671761204,52.2925,63.63999999999999,52.525000000000006,55.81,ARM off - Apr 2023
10:50:00,51.82784109452707,50.595,64.43249999999999,51.2575,56.7,ARM off - Apr 2023
10:55:00,51.7360132212659,49.5325,64.1525,50.885,56.615,ARM off - Apr 2023
11:00:00,51.91745163477233,49.8175,67.265,50.535,55.9225,ARM off - Apr 2023
11:05:00,51.288068603119605,48.6375,61.785,49.5125,56.0175,ARM off - Apr 2023
11:10:00,50.43768340211596,48.94,54.8275,49.4575,54.595,ARM off - Apr 2023
11:15:00,50.98666198496242,49.465,54.75,49.7275,54.5325,ARM off - Apr 2023
11:20:00,51.6238126077579,49.27,57.3125,50.3775,54.9275,ARM off - Apr 2023
11:25:00,50.6059260347274,48.1675,63.185,50.5175,56.5925,ARM off - Apr 2023
11:30:00,50.28371741785652,47.6875,67.71,49.9475,54.88,ARM off - Apr 2023
11:35:00,50.16641833381004,47.7025,63.2175,48.87,54.665,ARM off - Apr 2023
11:40:00,49.99665942093539,47.655,59.1775,49.4225,54.3675,ARM off - Apr 2023
11:45:00,49.39901228150045,48.3825,54.9525,49.195,52.4575,ARM off - Apr 2023
11:50:00,48.93116784378144,47.5425,55.545,48.8275,52.197500000000005,ARM off - Apr 2023
11:55:00,48.53588938588212,47.275000000000006,53.885,47.95,51.8575,ARM off - Apr 2023
12:00:00,48.13312594455138,46.9225,52.5775,47.6875,50.505,ARM off - Apr 2023
12:05:00,47.46226512291542,45.735,52.2175,47.07,50.315,ARM off - Apr 2023
12:10:00,47.63370618059773,46.095,53.305,47.32,50.755,ARM off - Apr 2023
12:15:00,47.97460719887379,46.4825,55.2675,47.475,50.69,ARM off - Apr 2023
12:20:00,48.06921818455788,47.025000000000006,55.09,47.775,51.0825,ARM off - Apr 2023
12:25:00,47.82026708615584,46.6625,55.01,47.5,49.845,ARM off - Apr 2023
12:30:00,47.24151639759657,45.8475,52.625,47.39,49.3875,ARM off - Apr 2023
12:35:00,46.85415360153593,45.9525,49.33,47.18,49.025000000000006,ARM off - Apr 2023
12:40:00,47.34764779957864,46.197500000000005,49.755,47.335,49.285,ARM off - Apr 2023
12:45:00,47.5736178575908,46.04,50.0725,48.105,48.945,ARM off - Apr 2023
12:50:00,47.23984030987559,45.6975,50.54,47.575,48.5275,ARM off - Apr 2023
12:55:00,46.8358259934701,46.13,49.185,46.502500000000005,48.765,ARM off - Apr 2023
13:00:00,46.50951352420598,46.025000000000006,48.25,47.1325,47.755,ARM off - Apr 2023
13:05:00,46.22773483989278,45.575,48.1575,46.065,47.6175,ARM off - Apr 2023
13:10:00,46.0091367878244,45.41,47.82,45.905,47.2425,ARM off - Apr 2023
13:15:00,46.62214818455029,45.45,48.95,46.735,48.065,ARM off - Apr 2023
13:20:00,46.756152426397584,45.6075,49.94,46.697500000000005,48.1025,ARM off - Apr 2023
13:25:00,47.01741585656915,46.3175,49.5325,46.8025,47.99,ARM off - Apr 2023
13:30:00,47.27759228990065,46.1275,51.5225,46.62,49.18,ARM off - Apr 2023
13:35:00,47.287556362693785,46.075,50.805,47.095,50.0825,ARM off - Apr 2023
13:40:00,47.66968224709468,46.59,51.42,47.5875,49.8075,ARM off - Apr 2023
13:45:00,48.45734819089287,47.4,52.1275,48.5775,51.25,ARM off - Apr 2023
13:50:00,48.551543968321695,47.5425,52.1125,48.88,51.425,ARM off - Apr 2023
13:55:00,48.192796117084,47.7975,51.855,48.995,50.67,ARM off - Apr 2023
14:00:00,47.960769208678855,47.04,52.14,48.0875,50.98,ARM off - Apr 2023
14:05:00,47.7159823044442,46.3775,52.3075,47.5,50.1525,ARM off - Apr 2023
14:10:00,47.8081155459343,46.4775,52.3,46.9625,50.24,ARM off - Apr 2023
14:15:00,48.44819280661464,47.4975,52.74,47.7925,51.0225,ARM off - Apr 2023
14:20:00,48.11626108546875,46.995,51.94,47.9875,50.4325,ARM off - Apr 2023
14:25:00,48.00960185660747,46.77,51.985,47.43000000000001,50.6725,ARM off - Apr 2023
14:30:00,48.02256702437944,46.735,52.52,47.33,50.505,ARM off - Apr 2023
14:35:00,48.81584873017032,47.7675,53.44,47.9875,51.365,ARM off - Apr 2023
14:40:00,49.79180897291281,48.855,54.6625,49.225,52.225,ARM off - Apr 2023
14:45:00,51.4090710156288,49.94,56.25,51.5375,54.165,ARM off - Apr 2023
14:50:00,52.390402354787575,51.065,56.6625,53.1175,55.7175,ARM off - Apr 2023
14:55:00,52.48200804769735,51.07,57.6225,52.92,56.57,ARM off - Apr 2023
15:00:00,52.15772519515812,50.155,57.8875,52.525000000000006,56.7425,ARM off - Apr 2023
15:05:00,52.21310180727514,50.34,57.195,52.825,55.58,ARM off - Apr 2023
15:10:00,54.27386698447814,53.915,58.27,54.9675,57.55,ARM off - Apr 2023
15:15:00,55.79273278889856,55.6875,59.7325,57.02,59.165,ARM off - Apr 2023
15:20:00,55.41839255987147,55.735,58.7375,56.44,58.4075,ARM off - Apr 2023
15:25:00,55.36619939010132,54.97,59.6975,55.510000000000005,58.28,ARM off - Apr 2023
15:30:00,55.1375505564537,53.905,60.4425,54.8975,58.3225,ARM off - Apr 2023
15:35:00,55.85817236784492,55.035,61.495000000000005,56.15,60.1025,ARM off - Apr 2023
15:40:00,58.08903533299086,56.28,64.2825,58.765,63.04,ARM off - Apr 2023
15:45:00,60.7893097829195,57.370000000000005,71.655,60.43,67.17999999999999,ARM off - Apr 2023
15:50:00,61.563646096684,59.1275,78.195,61.475,69.5,ARM off - Apr 2023
15:55:00,61.62335812028516,60.16,82.06,62.465,72.9625,ARM off - Apr 2023
16:00:00,61.53971298449006,61.07,83.035,63.4275,75.2,ARM off - Apr 2023
16:05:00,61.98926331926148,60.7925,89.1275,64.36500000000001,77.375,ARM off - Apr 2023
16:10:00,64.2421271356295,62.975,91.545,67.4275,79.495,ARM off - Apr 2023
16:15:00,66.13932342141102,66.6625,97.1275,68.8475,82.32,ARM off - Apr 2023
16:20:00,68.32890061538862,68.1025,97.4525,70.29499999999999,81.9675,ARM off - Apr 2023
16:25:00,68.04384328579695,68.1075,94.125,69.89750000000001,80.545,ARM off - Apr 2023
16:30:00,67.46839448795309,68.06,87.965,70.4525,79.1725,ARM off - Apr 2023
16:35:00,68.10763883621016,68.86250000000001,89.05499999999999,70.1125,83.66749999999999,ARM off - Apr 2023
16:40:00,68.34777942207731,69.5275,90.3025,70.265,80.4075,ARM off - Apr 2023
16:45:00,70.2394940481389,71.3125,94.4575,73.7975,80.72,ARM off - Apr 2023
16:50:00,72.0112823570733,73.0425,95.315,74.8125,80.13,ARM off - Apr 2023
16:55:00,71.27955335018571,71.46,91.415,72.935,79.635,ARM off - Apr 2023
17:00:00,69.28455745219779,68.95,86.16499999999999,69.865,79.1,ARM off - Apr 2023
17:05:00,68.8567680697819,69.2875,82.98,69.8625,77.455,ARM off - Apr 2023
17:10:00,71.11204959470551,72.05250000000001,84.4325,72.2125,78.3725,ARM off - Apr 2023
17:15:00,74.75546214570582,74.71,85.1775,75.7625,83.5775,ARM off - Apr 2023
17:20:00,77.17162602210429,77.7075,88.1,78.72,85.9025,ARM off - Apr 2023
17:25:00,77.16950572080022,78.01,89.26249999999999,79.5175,84.9875,ARM off - Apr 2023
17:30:00,76.00940255491038,76.7325,86.9125,78.2825,84.2775,ARM off - Apr 2023
17:35:00,74.85980635434082,74.3325,86.015,76.91,85.25999999999999,ARM off - Apr 2023
17:40:00,73.85047397326231,72.0825,87.7675,77.62,84.57499999999999,ARM off - Apr 2023
17:45:00,72.2775861899407,70.8425,88.0175,74.195,85.4575,ARM off - Apr 2023
17:50:00,68.79979153781889,69.84,86.4025,74.7625,83.6975,ARM off - Apr 2023
17:55:00,66.50572861000394,68.08,85.58,72.275,83.125,ARM off - Apr 2023
18:00:00,64.15378294340572,64.505,84.095,69.38749999999999,83.0625,ARM off - Apr 2023
18:05:00,60.65376826320383,60.447500000000005,84.3825,65.65,82.0425,ARM off - Apr 2023
18:10:00,58.33912919748853,58.0375,82.965,62.5125,79.6825,ARM off - Apr 2023
18:15:00,57.43858235537508,57.557500000000005,81.27,61.9875,74.5,ARM off - Apr 2023
18:20:00,56.20733684002668,56.445,81.2175,60.105,71.4575,ARM off - Apr 2023
18:25:00,55.11426050605055,53.9875,77.085,59.13,68.875,ARM off - Apr 2023
18:30:00,52.8279706774884,50.602500000000006,73.9925,56.71,66.91,ARM off - Apr 2023
18:35:00,51.15590300952438,48.76,69.89250000000001,54.3275,65.7375,ARM off - Apr 2023
18:40:00,49.88348064956108,47.335,65.16999999999999,52.885000000000005,61.1,ARM off - Apr 2023
18:45:00,48.604514069306006,45.64,62.045,50.97,55.83,ARM off - Apr 2023
18:50:00,46.97239785379363,44.5825,55.7925,49.0925,51.9175,ARM off - Apr 2023
18:55:00,45.57957499574079,43.925,51.8375,46.865,50.1175,ARM off - Apr 2023
19:00:00,44.358410571708106,42.697500000000005,48.5975,44.6775,46.5925,ARM off - Apr 2023
19:05:00,43.09014272531995,41.6525,44.8975,42.285,44.5975,ARM off - Apr 2023
19:10:00,42.92365483781813,41.8,45.665,42.13,43.625,ARM off - Apr 2023
19:15:00,42.75463605038795,41.5525,45.08,42.115,43.485,ARM off - Apr 2023
19:20:00,42.47084435759383,41.505,43.87,41.9425,43.0975,ARM off - Apr 2023
19:25:00,42.42843583645545,41.7225,43.505,41.8325,43.1575,ARM off - Apr 2023
19:30:00,42.0364260488054,41.63,42.62,41.87,42.330000000000005,ARM off - Apr 2023
19:35:00,41.76289734550621,41.5925,42.215,41.605,41.855,ARM off - Apr 2023
19:40:00,41.82849614100359,41.2825,42.4125,41.55,42.0225,ARM off - Apr 2023
19:45:00,41.576824251759255,41.1175,41.8775,41.435,41.8425,ARM off - Apr 2023
19:50:00,41.676448284020026,41.14,42.1675,41.5975,42.025,ARM off - Apr 2023
19:55:00,41.738020554813886,40.915,42.21,41.72,41.97,ARM off - Apr 2023
20:00:00,41.61494449267634,41.0875,42.0775,41.28,41.8875,ARM off - Apr 2023
20:05:00,41.77301971542162,41.14,42.375,41.5625,41.99,ARM off - Apr 2023
20:10:00,41.83838976899094,41.425,42.255,41.5425,42.085,ARM off - Apr 2023
20:15:00,41.88438456643224,41.5775,42.2225,41.8425,41.9825,ARM off - Apr 2023
20:20:00,41.88540588407791,41.4475,42.45,41.5175,42.235,ARM off - Apr 2023
20:25:00,42.031354472143285,41.7,42.52,41.8725,42.2475,ARM off - Apr 2023
20:30:00,42.10064374069874,41.89,42.3975,41.97,42.2775,ARM off - Apr 2023
20:35:00,41.83262375451255,41.545,42.36,41.655,42.14,ARM off - Apr 2023
20:40:00,41.56692297865538,41.3975,41.825,41.5125,41.655,ARM off - Apr 2023
20:45:00,41.65201268750774,41.3825,42.065000000000005,41.4425,41.895,ARM off - Apr 2023
20:50:00,41.61816032568576,40.955,42.205,41.2625,41.975,ARM off - Apr 2023
20:55:00,41.695527343944505,41.39,42.1325,41.6025,41.962500000000006,ARM off - Apr 2023
21:00:00,41.74740588411752,41.24,42.1925,41.5775,41.9725,ARM off - Apr 2023
04:00:00,40.759120788609664,39.96,42.162,40.4075,40.8875,ARM on - May 2023
04:05:00,40.84867597182682,40.1665,42.4265,40.395,41.1675,ARM on - May 2023
04:10:00,40.76116207458311,40.055,42.2,40.3075,41.0075,ARM on - May 2023
04:15:00,40.69189222042132,40.022,42.1535,40.23,40.855,ARM on - May 2023
04:20:00,40.47883826590021,39.71,41.748,40.135000000000005,40.91,ARM on - May 2023
04:25:00,40.32411654535881,39.5705,41.448,39.9125,40.62,ARM on - May 2023
04:30:00,40.32446938012303,39.73,41.545,39.9125,40.572500000000005,ARM on - May 2023
04:35:00,40.55197986082487,39.73,41.918,40.325,40.7525,ARM on - May 2023
04:40:00,40.51026479737954,39.795,41.7715,40.2025,40.99,ARM on - May 2023
04:45:00,40.69044203211087,40.253,44.1275,40.405,40.9725,ARM on - May 2023
04:50:00,40.717483265481725,40.0835,48.15449999999999,40.4725,40.915000000000006,ARM on - May 2023
04:55:00,40.69116507496916,39.8625,49.68949999999999,40.1675,40.9575,ARM on - May 2023
05:00:00,40.91291221999893,39.827,52.6805,40.2425,41.185,ARM on - May 2023
05:05:00,41.06926220312709,40.1585,56.6105,40.3475,41.335,ARM on - May 2023
05:10:00,41.255046507183344,40.2965,56.90599999999999,40.51,41.6675,ARM on - May 2023
05:15:00,41.64037105895272,40.629,56.952,41.1,41.71,ARM on - May 2023
05:20:00,42.25702488923592,41.391,62.15899999999999,41.5075,42.275000000000006,ARM on - May 2023
05:25:00,42.94391223833786,41.9985,65.40999999999998,42.3925,43.2725,ARM on - May 2023
05:30:00,43.771906716975714,42.6455,64.332,43.225,44.4925,ARM on - May 2023
05:35:00,44.59485158350359,43.479,65.58049999999999,44.1725,46.1325,ARM on - May 2023
05:40:00,45.45005496379313,44.2175,57.0,44.8675,48.3,ARM on - May 2023
05:45:00,46.09168239971841,44.625,57.4765,45.8625,49.435,ARM on - May 2023
05:50:00,46.19945362303812,45.232,63.76799999999999,45.435,49.6675,ARM on - May 2023
05:55:00,45.83531729351687,44.5995,60.06999999999999,45.375,49.35,ARM on - May 2023
06:00:00,45.9575587811874,44.721,67.41549999999998,45.255,49.6475,ARM on - May 2023
06:05:00,46.350132235227626,45.253,63.51199999999998,45.9225,50.31,ARM on - May 2023
06:10:00,46.77883166140825,44.9855,63.24099999999999,46.1875,49.6075,ARM on - May 2023
06:15:00,47.81260463401966,45.883,59.4425,47.2975,49.5725,ARM on - May 2023
06:20:00,49.28396064482324,46.889,64.0885,49.18,51.185,ARM on - May 2023
06:25:00,50.64013573879844,48.5135,69.37249999999999,49.265,53.2275,ARM on - May 2023
06:30:00,51.61540714326065,49.5275,66.05349999999999,50.405,54.51,ARM on - May 2023
06:35:00,52.46367438320856,50.267,63.1215,52.47,55.92,ARM on - May 2023
06:40:00,53.17580299677053,51.4015,61.975,53.0025,56.0575,ARM on - May 2023
06:45:00,53.251550174037085,51.2565,64.0745,52.7025,56.225,ARM on - May 2023
06:50:00,53.72475587476954,51.1885,67.0525,53.07,57.375,ARM on - May 2023
06:55:00,54.174305958024746,52.3695,63.1875,53.5,57.7375,ARM on - May 2023
07:00:00,54.41822906067205,52.465500000000006,63.95399999999999,54.065,57.150000000000006,ARM on - May 2023
07:05:00,55.35050398230536,52.665,66.17399999999999,54.2575,59.2475,ARM on - May 2023
07:10:00,56.74490520438188,54.630500000000005,68.573,56.225,60.0525,ARM on - May 2023
07:15:00,58.83874353843351,56.573,70.06899999999999,58.62,61.705,ARM on - May 2023
07:20:00,60.35934551807076,57.7425,73.14599999999999,59.8325,64.3375,ARM on - May 2023
07:25:00,62.52598243339333,59.2135,75.31599999999999,62.335,66.705,ARM on - May 2023
07:30:00,64.99083402075647,61.907,78.84349999999999,65.66,68.3875,ARM on - May 2023
07:35:00,67.33584595615744,64.77499999999999,84.1065,67.845,70.60749999999999,ARM on - May 2023
07:40:00,70.30396055520178,67.93299999999999,85.84599999999999,71.27,74.6475,ARM on - May 2023
07:45:00,72.18957604962458,70.425,87.64349999999999,72.64500000000001,77.2475,ARM on - May 2023
07:50:00,72.57714266858508,72.257,89.86999999999999,75.4,78.94,ARM on - May 2023
07:55:00,70.7363226560255,69.53500000000001,90.17,72.6825,77.515,ARM on - May 2023
08:00:00,68.44539553049394,67.753,88.88749999999999,70.2475,74.0025,ARM on - May 2023
08:05:00,67.408341279933,65.905,89.23249999999999,67.8725,73.2025,ARM on - May 2023
08:10:00,67.8695250170317,65.1105,92.03849999999998,69.17750000000001,73.2825,ARM on - May 2023
08:15:00,67.90480536781008,64.146,95.164,68.20249999999999,74.635,ARM on - May 2023
08:20:00,68.15877373603492,64.1605,96.179,68.25,77.0925,ARM on - May 2023
08:25:00,68.94089270829897,65.11800000000001,94.9795,69.07249999999999,79.37,ARM on - May 2023
08:30:00,69.4418578606079,67.157,92.5635,70.0525,80.8,ARM on - May 2023
08:35:00,69.18473791744516,67.6225,90.4695,68.9525,82.525,ARM on - May 2023
08:40:00,70.26278216961934,67.9055,89.72699999999999,69.2175,80.7225,ARM on - May 2023
08:45:00,70.04367094307857,67.443,92.3235,68.975,80.515,ARM on - May 2023
08:50:00,69.49236386585578,66.1455,96.462,68.5375,78.7075,ARM on - May 2023
08:55:00,67.05790148248971,62.891,93.8185,65.3075,78.0675,ARM on - May 2023
09:00:00,63.7969018267104,59.523,85.9695,62.625,74.04249999999999,ARM on - May 2023
09:05:00,61.8752649434988,58.233,82.45599999999999,60.675,73.0675,ARM on - May 2023
09:10:00,60.89240049069056,57.664,79.19749999999999,58.995,71.0175,ARM on - May 2023
09:15:00,59.96914949196737,55.6225,77.8955,59.5975,68.6575,ARM on - May 2023
09:20:00,58.87862135297452,57.0895,76.5615,59.515,65.45,ARM on - May 2023
09:25:00,58.603909646839575,56.3355,75.3295,59.2975,65.1475,ARM on - May 2023
09:30:00,57.89992942619112,55.6585,78.0795,58.370000000000005,64.59,ARM on - May 2023
09:35:00,57.12585006362314,55.6425,75.71199999999999,57.1525,63.7175,ARM on - May 2023
09:40:00,56.63669505529643,54.927,76.52999999999999,55.6625,62.940000000000005,ARM on - May 2023
09:45:00,56.68182497720273,55.3115,77.29599999999999,55.7975,64.2625,ARM on - May 2023
09:50:00,55.81048618860841,54.672,73.578,54.7225,62.255,ARM on - May 2023
09:55:00,54.55814306398194,52.612,71.9075,54.315,62.7575,ARM on - May 2023
10:00:00,53.75699233230227,51.8105,69.79849999999999,53.0425,60.072500000000005,ARM on - May 2023
10:05:00,53.78134485070675,51.5595,67.0855,53.0825,59.182500000000005,ARM on - May 2023
10:10:00,53.485099158525934,52.013,64.228,52.815000000000005,59.2475,ARM on - May 2023
10:15:00,53.58217627495268,52.255,63.291,53.995,59.175,ARM on - May 2023
10:20:00,53.22085566915307,52.073,62.092,53.7425,58.915,ARM on - May 2023
10:25:00,52.83376450708389,51.6245,61.3455,53.085,60.025000000000006,ARM on - May 2023
10:30:00,52.76185438153623,51.1715,62.6825,53.8925,59.28,ARM on - May 2023
10:35:00,52.815902140014266,51.839,62.819500000000005,53.73,59.055,ARM on - May 2023
10:40:00,53.31130096150298,51.705,60.8595,54.3425,59.8,ARM on - May 2023
10:45:00,52.80071207231044,52.0185,60.2705,52.765,58.3725,ARM on - May 2023
10:50:00,52.7137821592012,51.6155,59.776,52.705,58.4,ARM on - May 2023
10:55:00,51.78337813308896,49.8765,61.94,50.545,57.5375,ARM on - May 2023
11:00:00,50.821267363476494,49.0395,62.78099999999999,50.3125,55.89,ARM on - May 2023
11:05:00,49.948438866203226,47.823,59.0105,49.4825,53.04,ARM on - May 2023
11:10:00,49.834383562477385,48.37,58.8065,49.485,53.2825,ARM on - May 2023
11:15:00,49.59445658003464,47.7325,61.798,48.6875,53.807500000000005,ARM on - May 2023
11:20:00,49.308033991994186,47.755,59.424,49.185,52.725,ARM on - May 2023
11:25:00,49.28604757571433,47.3885,57.7885,48.335,53.7025,ARM on - May 2023
11:30:00,49.070722216627445,47.397,56.371,48.215,54.5425,ARM on - May 2023
11:35:00,49.006697862801104,47.43,55.4735,48.4475,53.0175,ARM on - May 2023
11:40:00,48.94953176686084,47.1405,55.701,48.5925,53.1425,ARM on - May 2023
11:45:00,48.619940993863416,47.5595,54.4165,48.115,52.955,ARM on - May 2023
11:50:00,48.64924253435719,46.7175,56.7055,48.155,53.1425,ARM on - May 2023
11:55:00,48.51103502436581,46.895,56.6965,47.9875,53.1575,ARM on - May 2023
12:00:00,48.07148508035199,46.2865,56.2445,46.5525,52.8025,ARM on - May 2023
12:05:00,47.53767033865942,45.1655,55.575,46.807500000000005,52.4,ARM on - May 2023
12:10:00,47.36482498729442,44.5965,54.9725,46.7875,51.03,ARM on - May 2023
12:15:00,47.64951914657623,44.989,56.3085,46.75,51.7275,ARM on - May 2023
12:20:00,47.81440143578663,45.0395,57.3365,48.045,52.21,ARM on - May 2023
12:25:00,47.922468802792814,45.471,55.75,48.1125,52.325,ARM on - May 2023
12:30:00,47.89061130908125,45.507000000000005,56.094,47.7375,52.04,ARM on - May 2023
12:35:00,48.11205288426202,45.6975,57.262,48.755,52.45,ARM on - May 2023
12:40:00,47.9533030154036,45.3505,56.7875,47.995000000000005,51.8625,ARM on - May 2023
12:45:00,47.887088267160905,45.718,54.839,47.0425,51.260000000000005,ARM on - May 2023
12:50:00,47.65154612846771,45.1535,55.755,46.895,50.9825,ARM on - May 2023
12:55:00,47.42296668558556,45.048,60.109,46.7575,50.55,ARM on - May 2023
13:00:00,47.293973921271615,44.746,58.923,47.255,50.2,ARM on - May 2023
13:05:00,47.13503617503026,44.5535,58.8575,47.105,50.0425,ARM on - May 2023
13:10:00,47.39400469725667,45.3665,59.248,46.5375,50.8975,ARM on - May 2023
13:15:00,47.46682715081436,45.142,58.272,46.925,50.7075,ARM on - May 2023
13:20:00,47.54848274775586,45.4015,55.6305,47.0475,50.21,ARM on - May 2023
13:25:00,47.58691187879896,44.9925,56.689,46.89,49.525000000000006,ARM on - May 2023
13:30:00,47.41571458719182,45.085,52.924,46.955,49.9975,ARM on - May 2023
13:35:00,47.49498963760054,45.499,52.98,46.9125,49.755,ARM on - May 2023
13:40:00,48.04011215571544,46.067,55.962,47.5,49.87,ARM on - May 2023
13:45:00,49.14935512715626,47.166,56.787,48.3325,51.78,ARM on - May 2023
13:50:00,49.46251949691142,47.7905,56.993,48.695,52.385000000000005,ARM on - May 2023
13:55:00,49.10978607854928,46.8175,54.902,48.2725,52.415,ARM on - May 2023
14:00:00,49.274447859859045,47.0995,55.012,48.76,53.1075,ARM on - May 2023
14:05:00,49.24109029176182,46.6745,55.8995,48.9725,53.11,ARM on - May 2023
14:10:00,49.98406743436626,47.3485,57.949,50.0,55.6325,ARM on - May 2023
14:15:00,50.783790895056285,47.818,61.2535,50.8125,58.095,ARM on - May 2023
14:20:00,51.662029338000536,48.7555,63.602,51.3975,58.525,ARM on - May 2023
14:25:00,52.05085224147015,49.5925,65.977,51.1525,58.705,ARM on - May 2023
14:30:00,51.8766992262827,48.6335,65.9855,52.352500000000006,57.775000000000006,ARM on - May 2023
14:35:00,51.721618180438405,48.941,64.58599999999998,52.565,56.545,ARM on - May 2023
14:40:00,52.67677186405144,50.4535,63.615,53.7975,58.807500000000005,ARM on - May 2023
14:45:00,53.80329496643245,51.2915,63.6175,54.7425,60.625,ARM on - May 2023
14:50:00,54.36510551776636,51.965,62.143,56.0975,59.3825,ARM on - May 2023
14:55:00,53.77934109249538,53.205000000000005,61.031,54.0775,58.4875,ARM on - May 2023
15:00:00,53.41051849549762,53.117,60.47,53.9,58.3925,ARM on - May 2023
15:05:00,53.11759637043585,52.1965,59.926,53.18000000000001,57.7975,ARM on - May 2023
15:10:00,53.87680903059849,52.148,62.374,53.9725,59.5,ARM on - May 2023
15:15:00,54.76274202645354,52.679,63.4335,55.53,61.9425,ARM on - May 2023
15:20:00,55.34732283935971,52.715500000000006,64.4365,57.615,61.2925,ARM on - May 2023
15:25:00,55.36678890952542,52.7755,64.6755,56.8175,61.635000000000005,ARM on - May 2023
15:30:00,55.08189135868044,53.414,64.847,56.86750000000001,61.465,ARM on - May 2023
15:35:00,55.46059947110836,52.916,66.8105,57.39,61.9425,ARM on - May 2023
15:40:00,56.96935567985943,55.24,68.1815,60.025000000000006,65.2875,ARM on - May 2023
15:45:00,59.22569197898159,56.9555,71.7555,61.65,68.85249999999999,ARM on - May 2023
15:50:00,60.199790815520544,56.8165,75.4675,62.975,70.04249999999999,ARM on - May 2023
15:55:00,60.75962086297527,56.7845,77.6545,66.4475,69.7,ARM on - May 2023
16:00:00,60.84832739149631,55.9045,80.66499999999999,66.475,69.74249999999999,ARM on - May 2023
16:05:00,60.86033528408538,55.755,82.184,63.69500000000001,69.53999999999999,ARM on - May 2023
16:10:00,61.76916110887758,56.7475,82.616,65.485,73.05000000000001,ARM on - May 2023
16:15:00,63.30165901834572,58.921,88.089,66.8775,75.11,ARM on - May 2023
16:20:00,65.07215920466327,61.622,91.524,66.97,77.73750000000001,ARM on - May 2023
16:25:00,65.7673111733024,62.794,96.5485,67.595,76.74,ARM on - May 2023
16:30:00,66.49864790063894,63.076,100.738,67.36250000000001,77.3725,ARM on - May 2023
16:35:00,67.75622434683459,63.868,104.032,67.595,80.0575,ARM on - May 2023
16:40:00,68.64623279368467,63.6635,106.948,68.94,80.7775,ARM on - May 2023
16:45:00,70.28815440672236,64.813,111.3485,71.405,82.72749999999999,ARM on - May 2023
16:50:00,71.56189576799424,67.1505,109.03,72.41,84.975,ARM on - May 2023
16:55:00,71.08707162579931,66.4625,107.7995,72.19500000000001,85.06,ARM on - May 2023
17:00:00,70.5000600430725,64.2565,103.634,71.1125,87.2775,ARM on - May 2023
17:05:00,70.48919361613709,64.8945,101.0765,70.3275,88.42,ARM on - May 2023
17:10:00,72.31252039974122,65.7395,103.107,74.18,92.7125,ARM on - May 2023
17:15:00,74.49127408929685,67.61099999999999,106.0095,76.3025,100.1825,ARM on - May 2023
17:20:00,76.04580952357993,69.155,109.74349999999998,78.82000000000001,102.84,ARM on - May 2023
17:25:00,77.99110490579518,71.0305,108.8855,82.57,103.8125,ARM on - May 2023
17:30:00,77.70571471197476,70.677,107.707,82.05250000000001,103.945,ARM on - May 2023
17:35:00,76.61376217474741,70.435,108.319,80.69,100.895,ARM on - May 2023
17:40:00,76.03773825184042,70.145,109.993,80.215,99.935,ARM on - May 2023
17:45:00,74.75486308341422,68.91250000000001,109.698,79.36250000000001,96.53,ARM on - May 2023
17:50:00,73.21972761041704,67.842,107.7715,76.5775,94.38,ARM on - May 2023
17:55:00,68.78862371509899,64.22,106.813,72.0975,89.89750000000001,ARM on - May 2023
18:00:00,65.5145699599725,60.925,99.394,68.395,84.88250000000001,ARM on - May 2023
18:05:00,61.95228468437082,56.463,93.391,64.60000000000001,77.4075,ARM on - May 2023
18:10:00,60.16028908427001,54.3575,89.3395,62.6025,74.7925,ARM on - May 2023
18:15:00,58.79843440372528,53.0275,85.211,60.2325,70.0675,ARM on - May 2023
18:20:00,57.24549961450496,51.567,80.31849999999999,58.5225,67.88,ARM on - May 2023
18:25:00,55.08676349657801,49.8575,76.65249999999999,54.9,65.45,ARM on - May 2023
18:30:00,53.119582597172325,47.974,73.03899999999999,51.92,62.43,ARM on - May 2023
18:35:00,51.05635688727961,46.438,72.28349999999999,48.535,59.7,ARM on - May 2023
18:40:00,49.36614609216783,45.4555,71.89150000000001,46.9875,55.1675,ARM on - May 2023
18:45:00,47.81687597069708,44.519,66.348,45.42,52.935,ARM on - May 2023
18:50:00,46.64430229691421,43.6095,59.805,45.0175,49.3825,ARM on - May 2023
18:55:00,45.48798083232786,43.235,54.78699999999999,44.2675,48.415000000000006,ARM on - May 2023
19:00:00,44.08901283125529,42.4315,49.2675,43.255,45.785,ARM on - May 2023
19:05:00,43.34721044543917,42.195,46.6955,42.6525,44.32,ARM on - May 2023
19:10:00,42.8427650986071,41.666,44.7755,42.485,43.42,ARM on - May 2023
19:15:00,42.45565966117088,41.3965,44.178,42.3225,42.8125,ARM on - May 2023
19:20:00,42.40317548196709,41.4865,43.2265,42.4125,42.6925,ARM on - May 2023
19:25:00,42.17541036538298,41.3915,42.925,41.985,42.675,ARM on - May 2023
19:30:00,42.01388894846168,41.477,42.6045,41.955,42.43,ARM on - May 2023
19:35:00,41.78723872730698,41.234,42.758,41.3275,42.02,ARM on - May 2023
19:40:00,41.68022732331973,41.1065,42.2965,41.52,42.0175,ARM on - May 2023
19:45:00,41.72925729974494,41.0795,42.609,41.3825,41.9675,ARM on - May 2023
19:50:00,41.67057930331551,41.035,42.5275,41.4275,42.06,ARM on - May 2023
19:55:00,41.65737145407565,40.936,42.4905,41.4075,41.8625,ARM on - May 2023
20:00:00,41.50829062198332,40.8105,42.124,41.3725,41.71,ARM on - May 2023
20:05:00,41.410720263594776,40.881,42.108,41.1175,41.7625,ARM on - May 2023
20:10:00,41.37897088280914,40.721,42.1805,41.0825,41.6125,ARM on - May 2023
20:15:00,41.50390176634503,40.7765,42.359,41.3625,41.775,ARM on - May 2023
20:20:00,41.65466069903835,41.3275,42.229,41.4075,41.8775,ARM on - May 2023
20:25:00,41.738861153181446,41.401,42.283,41.5225,42.02,ARM on - May 2023
20:30:00,41.86302615211453,41.2555,43.016,41.3975,42.2325,ARM on - May 2023
20:35:00,41.86157565339524,41.3085,42.8615,41.475,42.345,ARM on - May 2023
20:40:00,41.80736397966888,41.4725,42.317,41.65,42.0025,ARM on - May 2023
20:45:00,41.75982297235889,41.3555,42.482,41.5775,41.9875,ARM on - May 2023
20:50:00,41.90568032216013,41.4275,42.559,41.675,42.075,ARM on - May 2023
20:55:00,41.88250083411959,41.567,42.362,41.79,42.1475,ARM on - May 2023
21:00:00,41.8036702176255,41.2695,42.324,41.515,42.11,ARM on - May 2023
04:00:00,42.89993089304553,41.6115,44.5655,42.8625,43.3825,ARM on - Jul 2023
04:05:00,42.76403433641263,41.6665,44.2915,42.5625,43.35,ARM on - Jul 2023
04:10:00,42.57258065909583,41.452,44.1035,41.9125,43.885000000000005,ARM on - Jul 2023
04:15:00,42.51673463784107,41.3745,44.056,42.135,43.63295454545455,ARM on - Jul 2023
04:20:00,42.37611732162959,41.204,44.02381818181818,41.97,43.475,ARM on - Jul 2023
04:25:00,42.11217645331013,41.215,43.76177272727273,41.6475,42.947500000000005,ARM on - Jul 2023
04:30:00,41.834963308413215,41.2475,43.81045454545455,41.51,42.355,ARM on - Jul 2023
04:35:00,41.71301868827173,41.2205,44.19145454545454,41.35,42.17,ARM on - Jul 2023
04:40:00,41.69307287193168,40.9765,44.97018181818181,41.225,42.135,ARM on - Jul 2023
04:45:00,41.7438193424223,40.6675,45.70404545454544,41.2925,42.2025,ARM on - Jul 2023
04:50:00,41.859566607797866,40.8655,44.97081818181818,41.5675,42.35,ARM on - Jul 2023
04:55:00,41.929485932680855,41.012,44.91090909090909,41.6175,42.415,ARM on - Jul 2023
05:00:00,41.96692950874518,41.0915,43.2895,41.415,42.8625,ARM on - Jul 2023
05:05:00,41.715417959936026,40.767,42.994,41.1875,42.3825,ARM on - Jul 2023
05:10:00,41.75560383243937,40.829,43.1535,41.1175,42.7975,ARM on - Jul 2023
05:15:00,42.06554977219195,41.014,43.8825,41.495000000000005,42.645,ARM on - Jul 2023
05:20:00,42.31361873490011,41.4365,43.525,42.025,42.68,ARM on - Jul 2023
05:25:00,42.74519035030788,42.01,43.767,42.4575,43.175,ARM on - Jul 2023
05:30:00,43.58089881772348,42.682500000000005,45.189,43.1525,44.115,ARM on - Jul 2023
05:35:00,44.19327814131516,42.352,45.552,43.8825,45.365,ARM on - Jul 2023
05:40:00,44.67763875323715,42.65,47.564,44.58,45.7575,ARM on - Jul 2023
05:45:00,45.12540642607523,43.4205,48.7715,44.5725,46.4225,ARM on - Jul 2023
05:50:00,45.09570296197514,43.61,49.658,44.6075,46.18000000000001,ARM on - Jul 2023
05:55:00,45.01698959155406,43.959,49.964,44.17,46.4175,ARM on - Jul 2023
06:00:00,45.21193283462153,44.239,50.9005,44.9825,46.2075,ARM on - Jul 2023
06:05:00,45.24268685632999,43.791,51.8635,45.1625,47.235,ARM on - Jul 2023
06:10:00,45.46764435338174,43.7595,52.975,45.11,46.965,ARM on - Jul 2023
06:15:00,46.109577088195984,43.9375,56.7085,45.572500000000005,49.072500000000005,ARM on - Jul 2023
06:20:00,46.45747959387487,44.2085,60.63249999999999,45.985,49.5675,ARM on - Jul 2023
06:25:00,46.8683986019364,43.6785,58.06749999999999,46.665,50.3025,ARM on - Jul 2023
06:30:00,47.74598145980236,43.1925,55.4945,48.31,51.715,ARM on - Jul 2023
06:35:00,48.30405895076972,43.693,56.3525,49.755,52.445,ARM on - Jul 2023
06:40:00,48.61659310090265,44.3815,56.69599999999999,50.3325,52.435,ARM on - Jul 2023
06:45:00,49.17782113939988,44.11,58.043,50.675,52.6075,ARM on - Jul 2023
06:50:00,49.31209004021668,42.705,57.4445,50.7625,53.9125,ARM on - Jul 2023
06:55:00,49.50808450812045,43.510000000000005,56.3555,50.99,53.635,ARM on - Jul 2023
07:00:00,50.46819839043125,44.917,57.8815,52.0575,54.7275,ARM on - Jul 2023
07:05:00,51.33339474772848,45.718,58.36,52.5075,56.525,ARM on - Jul 2023
07:10:00,51.861156340467474,44.869,58.5965,53.0675,57.2775,ARM on - Jul 2023
07:15:00,52.890456344187406,44.663500000000006,61.6815,54.3,58.6925,ARM on - Jul 2023
07:20:00,53.8521748512128,45.2095,62.3855,56.25,58.9575,ARM on - Jul 2023
07:25:00,54.06704287699436,45.634,63.007,55.182500000000005,60.9725,ARM on - Jul 2023
07:30:00,55.02205149866936,46.2625,66.16499999999999,57.1475,62.2575,ARM on - Jul 2023
07:35:00,56.751543126497744,47.726,67.8975,59.1675,65.53750000000001,ARM on - Jul 2023
07:40:00,57.17985070182064,47.1085,68.4915,59.92,64.39750000000001,ARM on - Jul 2023
07:45:00,59.43515021558549,49.0145,70.83099999999999,62.70249999999999,68.105,ARM on - Jul 2023
07:50:00,60.15613834848797,49.118,73.78299999999999,63.37,70.21000000000001,ARM on - Jul 2023
07:55:00,59.51864253588567,48.661,73.5535,61.7225,70.8425,ARM on - Jul 2023
08:00:00,59.25730909380623,49.073,75.3125,59.19,69.8725,ARM on - Jul 2023
08:05:00,58.52412463676902,48.609,73.7065,57.775,68.975,ARM on - Jul 2023
08:10:00,58.093740595333,49.112,73.4315,57.8175,67.68,ARM on - Jul 2023
08:15:00,59.0048045645373,49.4165,75.118,57.8325,70.1525,ARM on - Jul 2023
08:20:00,60.14379027303736,49.2285,75.459,58.8225,71.44,ARM on - Jul 2023
08:25:00,60.746007750272106,49.789,75.877,60.78,71.39750000000001,ARM on - Jul 2023
08:30:00,60.92348794960693,49.3585,77.4605,61.51,72.1925,ARM on - Jul 2023
08:35:00,60.76000540910648,49.373,78.4155,60.7025,71.69,ARM on - Jul 2023
08:40:00,60.907933318595646,48.751,76.3535,60.505,72.02,ARM on - Jul 2023
08:45:00,61.32580164722852,48.6525,75.11649999999999,62.7925,72.1075,ARM on - Jul 2023
08:50:00,62.26893843325812,49.173,78.462,64.8025,73.455,ARM on - Jul 2023
08:55:00,61.9143192045425,49.401,75.7035,62.765,73.36,ARM on - Jul 2023
09:00:00,59.83278003463444,48.82,71.98799999999999,61.13,70.0,ARM on - Jul 2023
09:05:00,58.38140947189935,48.2475,70.352,57.425,68.33,ARM on - Jul 2023
09:10:00,57.53468432424493,48.0425,69.452,58.2,67.525,ARM on - Jul 2023
09:15:00,57.08818086538896,47.082,69.157,58.6875,65.51750000000001,ARM on - Jul 2023
09:20:00,57.21904441199893,46.3155,70.23599999999999,60.335,66.0325,ARM on - Jul 2023
09:25:00,56.75102562688828,45.011,67.7075,59.5325,66.9075,ARM on - Jul 2023
09:30:00,57.236519107507775,45.3175,70.842,59.2825,68.9325,ARM on - Jul 2023
09:35:00,58.35727887042065,45.81,73.6905,60.815000000000005,69.115,ARM on - Jul 2023
09:40:00,58.15450081795101,46.741,75.6565,61.0675,67.76499999999999,ARM on - Jul 2023
09:45:00,57.45457085113373,47.0275,72.564,58.8975,67.11,ARM on - Jul 2023
09:50:00,57.28386007064382,47.4975,72.7575,60.5175,65.24,ARM on - Jul 2023
09:55:00,57.1394333523386,46.627500000000005,71.0085,59.39,66.30000000000001,ARM on - Jul 2023
10:00:00,56.44196874938469,46.772,71.284,57.9025,64.7125,ARM on - Jul 2023
10:05:00,55.64849732939448,46.6305,68.8025,56.4875,63.4575,ARM on - Jul 2023
10:10:00,54.982840634697645,46.064,67.62400000000001,55.605,63.245000000000005,ARM on - Jul 2023
10:15:00,54.14192053043201,45.1665,63.698,54.605,61.5025,ARM on - Jul 2023
10:20:00,54.186088048398,45.1415,63.2065,55.2175,61.587500000000006,ARM on - Jul 2023
10:25:00,53.905534977487626,44.5015,62.707,55.697500000000005,60.805,ARM on - Jul 2023
10:30:00,53.20891347395066,45.079,61.2355,55.705,58.905,ARM on - Jul 2023
10:35:00,52.732559099487474,44.369,60.629,53.9825,58.9625,ARM on - Jul 2023
10:40:00,52.799636469992414,45.689,60.6195,52.7675,58.4575,ARM on - Jul 2023
10:45:00,52.57897000582141,45.035,60.6475,53.1125,58.0925,ARM on - Jul 2023
10:50:00,52.46249291557419,45.721,61.2205,53.205,57.76,ARM on - Jul 2023
10:55:00,51.87931007241336,45.8215,60.068,53.015,55.965,ARM on - Jul 2023
11:00:00,51.33427327237291,45.932500000000005,59.093,52.0825,55.5475,ARM on - Jul 2023
11:05:00,50.41587727307245,45.0345,56.2345,51.2,55.02,ARM on - Jul 2023
11:10:00,50.11342878436246,44.6895,57.3885,50.9675,54.38,ARM on - Jul 2023
11:15:00,49.95334349879788,44.505500000000005,57.5045,50.52,53.235,ARM on - Jul 2023
11:20:00,50.09618314005177,45.602,58.034,50.04,53.46,ARM on - Jul 2023
11:25:00,49.88626766261684,45.9685,58.4845,50.42,52.535,ARM on - Jul 2023
11:30:00,49.784441963576576,44.976,57.916,51.115,52.54,ARM on - Jul 2023
11:35:00,49.7031842557688,44.708,58.995,50.64,52.1325,ARM on - Jul 2023
11:40:00,49.91219853087273,44.607,59.9075,50.595,54.06,ARM on - Jul 2023
11:45:00,49.87139305959938,44.3185,60.529,49.7675,53.885,ARM on - Jul 2023
11:50:00,49.19611847449378,44.3165,61.044,48.605,53.58,ARM on - Jul 2023
11:55:00,48.68056250529794,43.823,59.699,48.1,52.27,ARM on - Jul 2023
12:00:00,48.48642860221558,44.347,59.72,47.98,51.66,ARM on - Jul 2023
12:05:00,48.104762648146746,43.9465,58.022,47.765,51.8375,ARM on - Jul 2023
12:10:00,48.38892579033864,44.0045,56.1145,48.7925,52.545,ARM on - Jul 2023
12:15:00,48.49864852805546,44.673,54.591,48.755,53.1225,ARM on - Jul 2023
12:20:00,48.32555767597197,44.2185,55.1775,48.2025,52.345,ARM on - Jul 2023
12:25:00,48.27174088691756,44.44,54.184,48.6025,51.3625,ARM on - Jul 2023
12:30:00,48.04116827395024,44.205000000000005,54.016,48.325,50.5775,ARM on - Jul 2023
12:35:00,48.05590649943338,44.12,54.151,47.985,50.67,ARM on - Jul 2023
12:40:00,47.89902240261793,43.9465,53.7475,47.325,50.6025,ARM on - Jul 2023
12:45:00,47.74013446808159,44.203,53.8115,47.2425,50.79,ARM on - Jul 2023
12:50:00,47.734165303367234,43.792,55.38549999999999,47.4025,50.7725,ARM on - Jul 2023
12:55:00,47.73309334394848,44.294,55.8965,47.465,51.24,ARM on - Jul 2023
13:00:00,47.43507400589304,44.4245,54.82549999999999,47.93,49.5675,ARM on - Jul 2023
13:05:00,47.22050308638592,44.113,55.697,47.605,49.845,ARM on - Jul 2023
13:10:00,47.167484524130494,44.046,53.32449999999999,48.01,49.145,ARM on - Jul 2023
13:15:00,47.4423620086578,44.267,51.6475,48.2375,50.185,ARM on - Jul 2023
13:20:00,47.43403456454409,44.2385,52.0255,47.515,49.2075,ARM on - Jul 2023
13:25:00,47.24163692570778,44.4185,51.1155,47.4925,49.085,ARM on - Jul 2023
13:30:00,47.45882993458852,44.2315,52.6495,47.145,49.495000000000005,ARM on - Jul 2023
13:35:00,47.631074819512186,44.4065,53.944,47.295,48.975,ARM on - Jul 2023
13:40:00,47.964979093419416,44.951,55.545,47.84,49.52,ARM on - Jul 2023
13:45:00,48.3693007004468,44.5355,56.142,48.3475,50.105,ARM on - Jul 2023
13:50:00,49.1897452790113,45.3455,58.7595,48.7625,51.1375,ARM on - Jul 2023
13:55:00,48.98517365453138,44.8285,56.38549999999999,48.3575,52.52,ARM on - Jul 2023
14:00:00,48.51043562973286,43.8075,54.4425,47.625,52.97,ARM on - Jul 2023
14:05:00,48.800055366400485,44.43,55.259,47.4225,54.5575,ARM on - Jul 2023
14:10:00,49.21095622775138,44.779,55.771,48.61,54.6375,ARM on - Jul 2023
14:15:00,49.63951595368376,45.258,56.9025,49.1325,53.4675,ARM on - Jul 2023
14:20:00,50.132854061157616,45.8505,58.7665,49.295,53.1575,ARM on - Jul 2023
14:25:00,50.17390188836805,45.5685,56.1045,50.057500000000005,54.8,ARM on - Jul 2023
14:30:00,49.9605293076009,45.356,55.14,49.34,54.1225,ARM on - Jul 2023
14:35:00,49.716999828455386,44.872,54.9615,50.1725,53.4975,ARM on - Jul 2023
14:40:00,50.83871444938497,46.101,57.929,51.605,54.385000000000005,ARM on - Jul 2023
14:45:00,52.08720282605341,46.9895,60.5935,52.045,57.255,ARM on - Jul 2023
14:50:00,52.83039117274327,47.0285,62.8205,52.877500000000005,58.9225,ARM on - Jul 2023
14:55:00,52.666148720137066,47.0955,62.117,52.73,58.8425,ARM on - Jul 2023
15:00:00,52.09931442114424,46.6175,61.5745,52.602500000000006,57.94,ARM on - Jul 2023
15:05:00,51.879128760167234,46.2265,60.681,51.8175,58.3,ARM on - Jul 2023
15:10:00,52.08231540695462,46.157,66.59949999999999,52.0375,59.3175,ARM on - Jul 2023
15:15:00,53.04144149086908,46.28,65.90899999999999,53.105,62.087500000000006,ARM on - Jul 2023
15:20:00,53.75203807403423,47.302,67.231,54.0825,61.465,ARM on - Jul 2023
15:25:00,53.43243976965411,46.8845,67.365,53.95,60.0125,ARM on - Jul 2023
15:30:00,52.91977568020147,46.249,67.273,53.565,58.9425,ARM on - Jul 2023
15:35:00,52.88544484771747,46.6625,67.41,53.4175,58.5125,ARM on - Jul 2023
15:40:00,53.856909893030185,48.4385,66.6685,55.2225,58.91,ARM on - Jul 2023
15:45:00,55.52924603100438,50.322,67.52449999999999,58.587500000000006,61.6675,ARM on - Jul 2023
15:50:00,56.29330983422381,50.6495,70.3695,59.7675,63.385,ARM on - Jul 2023
15:55:00,56.07464847098478,50.0315,69.67999999999999,59.5575,64.0375,ARM on - Jul 2023
16:00:00,55.712093362671766,50.4065,68.9225,58.615,63.555,ARM on - Jul 2023
16:05:00,55.63733476782843,49.782,67.868,58.375,63.7825,ARM on - Jul 2023
16:10:00,56.1135356075742,50.214,69.0755,59.2875,65.44999999999999,ARM on - Jul 2023
16:15:00,57.42445062618608,50.2795,73.3595,59.7875,67.2175,ARM on - Jul 2023
16:20:00,58.42016246642096,50.698,76.119,61.955,66.9875,ARM on - Jul 2023
16:25:00,59.18471957368086,52.166,77.7755,63.2325,69.7575,ARM on - Jul 2023
16:30:00,59.87230112910044,51.3605,78.503,63.1075,71.32499999999999,ARM on - Jul 2023
16:35:00,60.02005263314509,51.3095,78.589,64.08250000000001,72.965,ARM on - Jul 2023
16:40:00,61.044625770802,53.582,79.58349999999999,64.9975,71.495,ARM on - Jul 2023
16:45:00,62.467641576683775,55.475,78.297,68.4775,72.39,ARM on - Jul 2023
16:50:00,63.54300745991035,55.605,76.6815,70.05250000000001,73.24000000000001,ARM on - Jul 2023
16:55:00,63.46910279348694,55.2755,79.39,69.64750000000001,74.52250000000001,ARM on - Jul 2023
17:00:00,62.57385991390674,55.50150000000001,81.26599999999999,67.685,73.39750000000001,ARM on - Jul 2023
17:05:00,62.05066532895693,54.83950000000001,79.4405,67.625,72.7,ARM on - Jul 2023
17:10:00,61.56420643353899,53.477500000000006,79.161,65.76,74.075,ARM on - Jul 2023
17:15:00,63.1346961059156,54.5625,82.746,68.30000000000001,77.1825,ARM on - Jul 2023
17:20:00,64.51972018492907,54.654,84.5955,71.11250000000001,83.435,ARM on - Jul 2023
17:25:00,64.84852765576439,54.6825,84.95150000000001,68.8575,81.31,ARM on - Jul 2023
17:30:00,64.93981051582111,54.699000000000005,86.006,69.4625,80.3925,ARM on - Jul 2023
17:35:00,64.94388805312258,54.3845,88.5095,69.495,81.795,ARM on - Jul 2023
17:40:00,64.23825790730366,53.3205,89.1275,67.485,80.97749999999999,ARM on - Jul 2023
17:45:00,63.272478785980304,52.289,86.5875,68.27000000000001,84.7875,ARM on - Jul 2023
17:50:00,62.24053180621782,51.959,85.8165,66.3375,81.8825,ARM on - Jul 2023
17:55:00,60.52054516165574,51.612,83.2565,63.1,77.64,ARM on - Jul 2023
18:00:00,58.3876554613544,49.5055,82.56,61.337500000000006,73.7925,ARM on - Jul 2023
18:05:00,56.92732058720811,49.2715,77.9195,59.727500000000006,68.33500000000001,ARM on - Jul 2023
18:10:00,56.12863547931921,48.563,74.366,59.2025,65.78999999999999,ARM on - Jul 2023
18:15:00,54.42636494006629,47.601,72.484,57.0325,63.5675,ARM on - Jul 2023
18:20:00,53.49978443536891,47.0585,71.15499999999999,57.28,61.43,ARM on - Jul 2023
18:25:00,52.63559479966566,46.924,68.6285,55.09,60.84,ARM on - Jul 2023
18:30:00,50.96306906922545,45.0685,65.96249999999999,52.1175,57.947500000000005,ARM on - Jul 2023
18:35:00,49.48488274995362,44.1865,63.55749999999999,49.9225,54.44,ARM on - Jul 2023
18:40:00,48.23896194252824,44.098,60.49949999999999,48.1075,53.94,ARM on - Jul 2023
18:45:00,47.22887295401901,43.4755,56.883,47.5225,52.3,ARM on - Jul 2023
18:50:00,46.210113624249374,42.9295,52.923,45.7675,50.0375,ARM on - Jul 2023
18:55:00,45.283305868760095,42.241,49.5215,43.975,48.66,ARM on - Jul 2023
19:00:00,44.08232562651681,41.654,48.1515,42.9025,46.6375,ARM on - Jul 2023
19:05:00,43.64144488476788,41.405,47.307,42.89,46.5775,ARM on - Jul 2023
19:10:00,43.472235557652034,41.2095,47.6515,42.6075,45.525,ARM on - Jul 2023
19:15:00,43.09045170296301,41.077,49.73,42.4625,44.7325,ARM on - Jul 2023
19:20:00,43.01819157060159,40.9665,49.38349999999999,42.41,44.48,ARM on - Jul 2023
19:25:00,42.73167386803204,40.621,51.07099999999999,42.4175,43.790000000000006,ARM on - Jul 2023
19:30:00,42.51963348773828,40.4725,50.41599999999999,41.9775,43.78,ARM on - Jul 2023
19:35:00,42.30838275686579,40.078,51.21199999999999,41.6675,43.4075,ARM on - Jul 2023
19:40:00,42.03294177234739,40.209,51.34699999999999,41.635,42.845,ARM on - Jul 2023
19:45:00,41.96291703120929,40.677,51.74249999999999,41.77,42.45,ARM on - Jul 2023
19:50:00,41.95214870324524,40.9965,51.67949999999999,41.6175,42.3025,ARM on - Jul 2023
19:55:00,41.94950452719961,40.928,52.94849999999999,41.495000000000005,42.295,ARM on - Jul 2023
20:00:00,42.0773354670798,40.8275,52.68249999999999,41.55,42.69,ARM on - Jul 2023
20:05:00,42.06013914698804,40.939,50.75749999999999,41.4725,42.36,ARM on - Jul 2023
20:10:00,41.99672117740532,40.72,49.57899999999999,41.1625,42.67,ARM on - Jul 2023
20:15:00,41.89719630177781,40.8985,47.642,41.17,42.3925,ARM on - Jul 2023
20:20:00,41.914485813806,40.793,47.2195,41.22,42.4275,ARM on - Jul 2023
20:25:00,41.93563021052909,40.6875,45.9705,41.3625,42.395,ARM on - Jul 2023
20:30:00,41.85958372322247,40.7415,44.9645,41.38,42.2625,ARM on - Jul 2023
20:35:00,41.63580768526843,40.685,43.462,41.2,41.9875,ARM on - Jul 2023
20:40:00,41.464397625271054,40.2585,42.569,41.35,41.935,ARM on - Jul 2023
20:45:00,41.4766101672086,40.3165,42.535,41.27,41.8425,ARM on - Jul 2023
20:50:00,41.5628761221527,40.626,42.904,41.2,41.87,ARM on - Jul 2023
20:55:00,41.65358685954923,40.880500000000005,42.5875,41.2925,42.055,ARM on - Jul 2023
21:00:00,41.67178668599071,40.804,42.51,41.6075,41.9,ARM on - Jul 2023
